{
	"IcoMoonType": "selection",
	"icons": [
		{
			"icon": {
				"paths": [
					"M-7 824l7-8q0 66 61 114 60 51 182 52 147-2 223-69 74-63.5 74-144.5v-8.5q0-57-27-92-27-37-65-66l-38-34q-9-5-18-20-11-9-11-30 0-16 10-33 11-13 19-24l34-27q15-19 27-33 27-42 27-100 0-38-8-59-10-31-21-44-11-21-26-32l-7-10v4l-6-10q-7-3-6-4 1 6-6-1l72 2 72-42-233 1q-51 0-99 10-56 13-103 52-73 70-73 155 0 72 51 125 48 57 142 58 14 0 37-2l-9 20q-2 10-4 25 1 26 11 44 11 20 22 36-33 0-103 10-59 11-118 43-48 30-70 70-18 41-20 72zM89 807v-4l5-3v-8q0-27 12-45 9-22 27-35 15-15 32-21l23-11q38-10 73-16 25-1 37-2l10 1q9-1 25 1 64 45 95 76 27 32 29 78-2 53-42 89-46 35-126 36-94-2-144-40-56-39.5-56-96zM145 280v-12l2-2v-6.5q0-43 25-74.5 27.5-38 74.5-38h7.5q31.5 0 60 21 23 19 43 55 32 68 35 139-3 11-3 39-7 22-19 45-33 30-77 33-39-1-65-21-29-23-46-53-37-66.5-37-125zM558 381l1-4 2-69 192-2 2-192 59-2 2 197 192-2 2 73-196-1 1 196h-63l1-194h-195z"
				],
				"attrs": [],
				"isMulticolor": false,
				"tags": [
					"googleplus"
				],
				"grid": 32
			},
			"attrs": [],
			"properties": {
				"order": 13,
				"id": 0,
				"prevSize": 32,
				"code": 59649,
				"name": "googleplus"
			},
			"setIdx": 0,
			"setId": 1,
			"iconIdx": 0
		},
		{
			"icon": {
				"paths": [
					"M-4 907l4-3v20q6 42 38 72 34 28 76 29l791-1q4 1 14-1 42-4 73-38 27-31 29-76l-2-789 2-6q-2-3-1-4-6-44-39-76-35-28-80-30l-787 2q-10-2-21 2-42 6-70 41-26 30-27 77l1 390q-0.5 33.5-0.5 82.5t0.5 113.5q-1 132-1 195zM104 872l4-1v-437l93 2q-10 39-10 81 0 75 36 147 42 78 120 126 73 40 157 42 5-2 10 0 90-5 165-52 82-57 119-150 19-55 20-110-1-42-10-82l84-2 1 10q-0.5 23-0.5 54.5 0 62.5 1.5 158.5 0 141 1 214-1 16-11 29-12 10-29 12l-709-2q-2.5 0.5-4.5 0.5-14.5 0-25.5-11.5-11-10-12-29zM305 528.5v-7.5l1-1v-2.5q0-80 58-136.5 56-58 139-58 79 0 139 57 54 58 57 140-3 82-58 139-60 58-139 58-85 0-139-57-58-55.5-58-131.5zM695 286l1-2 3-117q-3-17 11-28 9-11 28-11h115q17 0 28 12 11 11 11 28v117q0 17-12 29-11 11-28 11h-117q-17 0-29-11-11-11-11-28z"
				],
				"attrs": [],
				"isMulticolor": false,
				"tags": [
					"instagram"
				],
				"grid": 32
			},
			"attrs": [],
			"properties": {
				"order": 14,
				"id": 1,
				"prevSize": 32,
				"code": 59650,
				"name": "instagram"
			},
			"setIdx": 0,
			"setId": 1,
			"iconIdx": 1
		},
		{
			"icon": {
				"paths": [
					"M-7 872l7-10q25 3 50 3 146 0 261-90-69-1-122-42-55-40-74-104 16.5 4 32.5 4h12.5q24.5 0 48-7-72-14-121-72-47-56-48-133l1-1q44 23 95 26-43-29-69-74-25-46-25-99 0-57 28-105 79 96 191 155 112 57 241 65-6-25-6-47 0-87 61-148 62-61 148-61 92 0 153 66 71-13 132-50-22 76-92 117 63-7 120-33-41 64-105 108 2 19 1 27v8q0 57-13 113-11 61-38 119-25 60-62 112-36 54-87 98-50 46-110 78-58 34-133 52-73 19-155 19-173 0-322-94z"
				],
				"attrs": [],
				"isMulticolor": false,
				"tags": [
					"twitter"
				],
				"grid": 32
			},
			"attrs": [],
			"properties": {
				"order": 15,
				"id": 2,
				"prevSize": 32,
				"code": 59648,
				"name": "twitter"
			},
			"setIdx": 0,
			"setId": 1,
			"iconIdx": 2
		}
	],
	"height": 1024,
	"preferences": {
		"showGlyphs": true,
		"showCodes": true,
		"showQuickUse": true,
		"showQuickUse2": true,
		"showSVGs": true,
		"fontPref": {
			"prefix": "icon",
			"metadata": {
				"fontFamily": "icons",
				"majorVersion": 1,
				"minorVersion": 0
			},
			"metrics": {
				"emSize": 1024,
				"baseline": 6.25,
				"whitespace": 50
			},
			"embed": false,
			"ie7": true,
			"noie8": false,
			"includeMetadata": true,
			"cssVars": true,
			"showSelector": true,
			"showMetrics": true,
			"showMetadata": false,
			"showVersion": true,
			"postfix": "",
			"resetPoint": 59648,
			"selector": "",
			"classSelector": ".icon",
			"autoHost": true
		},
		"imagePref": {
			"prefix": "icon-",
			"png": true,
			"useClassSelector": true,
			"color": 16769342,
			"bgColor": 16777215,
			"classSelector": ".icon",
			"height": 32,
			"columns": 16,
			"margin": 16,
			"addBgColor": true
		},
		"historySize": 100,
		"gridSize": 16,
		"showGrid": false,
		"showLiga": true,
		"quickUsageToken": {
			"social-icons": "NDczN2JkMDUyMDE0NGUzZWExY2QxY2I3NWNhMDgzMzUjMSMxNDY2ODU1NzQxIyMj"
		}
	}
}