{
	"IcoMoonType": "selection",
	"icons": [
		{
			"icon": {
				"paths": [
					"M-7 872l7-10q25 3 50 3 146 0 261-90-69-1-122-42-55-40-74-104 16.5 4 32.5 4h12.5q24.5 0 48-7-72-14-121-72-47-56-48-133l1-1q44 23 95 26-43-29-69-74-25-46-25-99 0-57 28-105 79 96 191 155 112 57 241 65-6-25-6-47 0-87 61-148 62-61 148-61 92 0 153 66 71-13 132-50-22 76-92 117 63-7 120-33-41 64-105 108 2 19 1 27v8q0 57-13 113-11 61-38 119-25 60-62 112-36 54-87 98-50 46-110 78-58 34-133 52-73 19-155 19-173 0-322-94z"
				],
				"attrs": [],
				"isMulticolor": false,
				"grid": 0,
				"tags": [
					"twitter"
				]
			},
			"attrs": [],
			"properties": {
				"order": 7,
				"id": 0,
				"prevSize": 32,
				"code": 59648,
				"name": "twitter"
			},
			"setIdx": 0,
			"setId": 0,
			"iconIdx": 0
		}
	],
	"height": 1024,
	"metadata": {
		"name": "icons"
	},
	"preferences": {
		"showGlyphs": true,
		"showCodes": true,
		"showQuickUse": true,
		"showQuickUse2": true,
		"showSVGs": true,
		"fontPref": {
			"prefix": "icon",
			"metadata": {
				"fontFamily": "icons",
				"majorVersion": 1,
				"minorVersion": 0
			},
			"metrics": {
				"emSize": 1024,
				"baseline": 6.25,
				"whitespace": 50
			},
			"embed": false,
			"ie7": true,
			"noie8": false,
			"includeMetadata": true,
			"cssVars": false,
			"showSelector": true,
			"showMetrics": true,
			"showMetadata": false,
			"showVersion": false,
			"postfix": ""
		},
		"imagePref": {
			"prefix": "icon-",
			"png": true,
			"useClassSelector": true,
			"color": 0,
			"bgColor": 16777215,
			"classSelector": ".icon"
		},
		"historySize": 100,
		"gridSize": 16,
		"showGrid": false,
		"showLiga": true
	}
}